name;h3_nt
FST470-hF-010-A01;GCGAGACTTCGCTGGTTCTCTGTGGGAGCATATTTTGACTAC
FST470-hF-010-A02;GCAAGAGCTCTCTATAGCAGTGGCTGGTACTTTGACTAC
FST470-hF-010-A05;GCGAGACTGGGGTATAGCAGTGGCTGGTACGTTGACTAC
FST470-hF-010-B09;GCGAGAGAAGACGATTACGATTTTTGGAGTGGCCCCTTTGACTAC
FST470-hF-010-B12;GCGAGAATGGCGGGCCCGGGAAGGTTCGACCCC
FST470-hF-010-C02;GCGAAGGTACTAGCAGTGGCTGGTAGGGTATTCCAGCAC
FST470-hF-010-F11;GCGAGAGGGGCCTACAGCAGTGGCTGGTACTTTGACTAC
FST470-hF-011-A01;GCGAAAGATAAGGCAGCGGTGGGACCGTTCTACGGTATGGACGTC
FST470-hF-012-C12;GCGAGAGGGGGGTATAGCAGTGGCTGGTACTTGGACTAC
FST470-hF-013-A01;GCGAGAGTAAAAGTAGTGGCTGGGTACTACTATAACGGTATGGACGTC
FST470-hF-013-B01;GCGGCAGATCCCCTGGGGACTGGGGAGAACTACTACTACTACGGTATGGACGTC
FST470-hF-013-C01;GCGAGAGATCAAGGCTGGTTCGACCCC
FST470-hF-013-D01;GCGAGAGAGTATTACGATTTTTGGAGTGGTTATTCCCCCTTTGACTAC
FST470-hF-013-E01;GCGAGACTTTTGGGTGGGAGCTACTTTGACTCC